method,operating_point,case,stable,psi_r_rms_wb,psi_r_rel_pct,is_rms_a,is_rel_pct,psi_r_conv_time_ms,is_conv_time_ms
A_four_pole_sylvester,5000rpm_+220Nm,nominal,True,7.0582821341116e-16,6.516353719725662e-13,1.1713947778171886e-12,1.4690239196744348e-13,2.75,3.6399999999999997
B_hori53_paper,5000rpm_+220Nm,nominal,True,2.5422966611163745e-16,2.347101460318288e-13,5.684341886080802e-14,7.128625085575704e-15,1.7799999999999998,0.0
C_sled23_closed_form,5000rpm_+220Nm,nominal,True,1.1379786002407855e-15,1.32436421093749e-12,8.205953432761175e-12,1.0290930184035692e-12,6.55,9.69
A_four_pole_sylvester,5000rpm_+220Nm,rs_-20pct,True,0.0007150300295810795,0.6601306811551361,0.06481187981313544,0.008127934623541524,2.6999999999999997,3.6299999999999994
B_hori53_paper,5000rpm_+220Nm,rs_-20pct,True,0.0007206389888095714,0.6653089896497388,4.547473508864641e-13,5.702900068460563e-14,1.92,0.0
C_sled23_closed_form,5000rpm_+220Nm,rs_-20pct,True,0.00044989497410467816,0.5235817283899835,2.9530015838074837,0.370330314220223,5.8,nan
A_four_pole_sylvester,5000rpm_+220Nm,rs_-10pct,True,0.0003575166962660137,0.33006689295090064,0.03242360063376387,0.00406618210999091,2.6999999999999997,3.6399999999999997
B_hori53_paper,5000rpm_+220Nm,rs_-10pct,True,0.0003603194944048352,0.33265449482491505,2.2737367544323206e-13,2.8514500342302815e-14,1.8199999999999998,0.0
C_sled23_closed_form,5000rpm_+220Nm,rs_-10pct,True,0.0002251800821345129,0.26206155522767544,1.4749449549550098,0.18497004255641172,6.129999999999999,nan
A_four_pole_sylvester,5000rpm_+220Nm,rs_-5pct,True,0.00017875876720270422,0.16503383336936153,0.01621625678145764,0.0020336499317450242,2.7199999999999998,3.6399999999999997
B_hori53_paper,5000rpm_+220Nm,rs_-5pct,True,0.0001801597472024672,0.16632724741250335,5.684341886080802e-14,7.128625085575704e-15,1.79,0.0
C_sled23_closed_form,5000rpm_+220Nm,rs_-5pct,True,0.00011264774943475775,0.13109793783686316,0.7370813296440567,0.09243596817208435,6.33,10.19
A_four_pole_sylvester,5000rpm_+220Nm,rs_+5pct,True,0.00017875960268119438,0.1650346047005812,0.0162252528917779,0.0020347781168364005,2.7999999999999994,3.6399999999999997
B_hori53_paper,5000rpm_+220Nm,rs_+5pct,True,0.00018015974720228108,0.16632724741233149,4.582862941503293e-13,5.747281283089812e-14,1.7799999999999998,0.0
C_sled23_closed_form,5000rpm_+220Nm,rs_+5pct,True,0.0001127622801860295,0.1312312271869476,0.736294653988258,0.09233731267376062,6.789999999999999,10.549999999999999
A_four_pole_sylvester,5000rpm_+220Nm,rs_+10pct,True,0.000357520038134891,0.33006997823415735,0.032459585566162116,0.004070694911946489,2.8499999999999996,3.6399999999999997
B_hori53_paper,5000rpm_+220Nm,rs_+10pct,True,0.0003603194944046376,0.3326544948247327,5.684341886080802e-14,7.128625085575704e-15,1.79,0.0
C_sled23_closed_form,5000rpm_+220Nm,rs_+10pct,True,0.00022563820099118223,0.2625947078001404,1.4717982502252271,0.18457542029893356,7.079999999999999,nan
A_four_pole_sylvester,5000rpm_+220Nm,rs_+20pct,True,0.0007150433962913592,0.6601430215816868,0.06495582743367949,0.008145986820953013,3.07,3.6499999999999995
B_hori53_paper,5000rpm_+220Nm,rs_+20pct,True,0.0007206389888093753,0.6653089896495578,4.547473508864641e-13,5.702900068460563e-14,1.8799999999999997,0.0
C_sled23_closed_form,5000rpm_+220Nm,rs_+20pct,True,0.00045172738326063056,0.5257142615548639,2.9404147312477855,0.3687518209715108,7.85,nan
A_four_pole_sylvester,5000rpm_+220Nm,rr_-20pct,True,0.00044119593335018644,0.4073213151284986,1.4282171945463766,0.17911000296489082,2.6999999999999997,nan
B_hori53_paper,5000rpm_+220Nm,rr_-20pct,True,0.0003940743604032921,0.3638176932389965,2.3437142008433856e-13,2.9392074193256357e-14,1.8799999999999997,0.0
C_sled23_closed_form,5000rpm_+220Nm,rr_-20pct,True,0.0002852944035788424,0.33202179513800123,0.49586993240116317,0.06218610544790528,6.159999999999999,10.509999999999998
A_four_pole_sylvester,5000rpm_+220Nm,rr_-10pct,True,0.00022049027716102959,0.2035612363520888,0.7140843396821466,0.08955195938407269,2.7199999999999998,3.42
B_hori53_paper,5000rpm_+220Nm,rr_-10pct,True,0.00019703117340486725,0.18190330101905478,2.2737367544323206e-13,2.8514500342302815e-14,1.8199999999999998,0.0
C_sled23_closed_form,5000rpm_+220Nm,rr_-10pct,True,0.00014182908611140577,0.16505878553091724,0.2502160249419076,0.031379115963831056,6.339999999999999,10.03
A_four_pole_sylvester,5000rpm_+220Nm,rr_-5pct,True,0.00011021807232626998,0.1017556300439216,0.35703606305015756,0.04477521385099816,2.73,3.51
B_hori53_paper,5000rpm_+220Nm,rr_-5pct,True,9.851395261582239e-05,0.09095014188658414,2.3437142008433856e-13,2.9392074193256357e-14,1.8,0.0
C_sled23_closed_form,5000rpm_+220Nm,rr_-5pct,True,7.071254443909157e-05,0.08229430948846,0.125699853956553,0.01576377969738373,6.4399999999999995,9.84
A_four_pole_sylvester,5000rpm_+220Nm,rr_+5pct,True,0.000110163652430194,0.10170538845744435,0.3570237636507064,0.04477367140669728,2.78,3.8299999999999996
B_hori53_paper,5000rpm_+220Nm,rr_+5pct,True,9.85104197330422e-05,0.09094688025529643,2.3437142008433856e-13,2.9392074193256357e-14,1.7599999999999998,0.0
C_sled23_closed_form,5000rpm_+220Nm,rr_+5pct,True,7.031350522325452e-05,0.0818299130085057,0.1269235400938055,0.015917239849318816,6.67,9.559999999999999
A_four_pole_sylvester,5000rpm_+220Nm,rr_+10pct,True,0.0002202725978722834,0.2033602702790449,0.7140351412438726,0.08954578950146747,2.8099999999999996,4.18
B_hori53_paper,5000rpm_+220Nm,rr_+10pct,True,0.0001970170419316019,0.18189025454731728,2.3437142008433856e-13,2.9392074193256357e-14,1.7499999999999998,0.0
C_sled23_closed_form,5000rpm_+220Nm,rr_+10pct,True,0.00014023284921990673,0.16320110647541292,0.2551083570217414,0.03199265402839873,6.789999999999999,9.44
A_four_pole_sylvester,5000rpm_+220Nm,rr_+20pct,True,0.00044032522092722094,0.4065174552050221,1.4280203873742647,0.17908532175161662,2.8899999999999997,nan
B_hori53_paper,5000rpm_+220Nm,rr_+20pct,True,0.00039401783542291203,0.36376550819465303,2.3437142008433856e-13,2.9392074193256357e-14,1.7199999999999998,0.0
C_sled23_closed_form,5000rpm_+220Nm,rr_+20pct,True,0.0002789081753271222,0.32458958847113895,0.5154006562784791,0.0646354163964992,7.1,9.28
A_four_pole_sylvester,5000rpm_+220Nm,lm_-20pct,True,0.0063150542865972464,5.830190223179141,3.5130121863690142,0.4405601791652565,nan,nan
B_hori53_paper,5000rpm_+220Nm,lm_-20pct,True,0.006657930301632575,6.146740532946746,2.3437142008433856e-13,2.9392074193256357e-14,nan,0.0
C_sled23_closed_form,5000rpm_+220Nm,lm_-20pct,True,0.0007276362792263817,0.8468133289881179,13.921540365358105,1.745873908839967,9.79,nan
A_four_pole_sylvester,5000rpm_+220Nm,lm_-10pct,True,0.0028072960506863743,2.5917544403407207,1.5858901542668382,0.19888346906714197,nan,nan
B_hori53_paper,5000rpm_+220Nm,lm_-10pct,True,0.002959860137810072,2.7326047970897696,0.0,0.0,nan,0.0
C_sled23_closed_form,5000rpm_+220Nm,lm_-10pct,True,0.0003304722895977746,0.38459921210931075,6.273142779353183,0.7867029091230046,7.379999999999999,nan
A_four_pole_sylvester,5000rpm_+220Nm,lm_-5pct,True,0.0013298978356805207,1.2277895022798826,0.756217976621558,0.0948358586859128,nan,3.4299999999999997
B_hori53_paper,5000rpm_+220Nm,lm_-5pct,True,0.001402201083767514,1.2945413734388593,2.2737367544323206e-13,2.8514500342302815e-14,nan,0.0
C_sled23_closed_form,5000rpm_+220Nm,lm_-5pct,True,0.00015799009961543764,0.1838667559907208,2.988878712557483,0.37482959672523797,6.899999999999999,nan
A_four_pole_sylvester,5000rpm_+220Nm,lm_+5pct,True,0.0012034434265722966,1.1110441464679186,0.6921050886714777,0.08679558330295617,nan,4.13
B_hori53_paper,5000rpm_+220Nm,lm_+5pct,True,0.0012689181290674795,1.1714917614889238,5.684341886080802e-14,7.128625085575704e-15,nan,0.0
C_sled23_closed_form,5000rpm_+220Nm,lm_+5pct,True,0.00014524328824176702,0.16903218811458645,2.731547837560906,0.34255822094318555,6.279999999999999,nan
A_four_pole_sylvester,5000rpm_+220Nm,lm_+10pct,True,0.0022976553746538826,2.1212435069596434,1.3279190741117837,0.1665318063733572,nan,nan
B_hori53_paper,5000rpm_+220Nm,lm_+10pct,True,0.002422701123624648,2.236688358264683,2.5421149729252077e-13,3.188018055491506e-14,nan,0.0
C_sled23_closed_form,5000rpm_+220Nm,lm_+10pct,True,0.00027921661931336333,0.3249485514396607,5.237562690926679,0.6568327791338716,6.06,nan
A_four_pole_sylvester,5000rpm_+220Nm,lm_+20pct,True,0.00421293693338244,3.8894715081082114,2.456077633203447,0.3080120263534517,nan,nan
B_hori53_paper,5000rpm_+220Nm,lm_+20pct,True,0.0044423466907817545,4.101267395204547,5.684341886080802e-14,7.128625085575704e-15,nan,0.0
C_sled23_closed_form,5000rpm_+220Nm,lm_+20pct,True,0.0005182053390222208,0.6030804136145838,9.67602119193937,1.2134514211103966,5.7299999999999995,nan
A_four_pole_sylvester,5000rpm_+220Nm,lls_-20pct,True,0.008271730109665603,7.6366342751005085,1.3117954324253933,0.16450977112459977,nan,nan
B_hori53_paper,5000rpm_+220Nm,lls_-20pct,True,0.008398763931281888,7.753914556660753,2.3437142008433856e-13,2.9392074193256357e-14,nan,0.0
C_sled23_closed_form,5000rpm_+220Nm,lls_-20pct,True,0.004257703060971493,4.955057637776793,25.105985660154104,3.1484939287927656,nan,nan
A_four_pole_sylvester,5000rpm_+220Nm,lls_-10pct,True,0.0041358657526548255,3.818317781794145,0.6172584872919938,0.07740921332633001,nan,3.4299999999999997
B_hori53_paper,5000rpm_+220Nm,lls_-10pct,True,0.0041993819656410605,3.8769572783304835,2.2737367544323206e-13,2.8514500342302815e-14,nan,0.0
C_sled23_closed_form,5000rpm_+220Nm,lls_-10pct,True,0.0021087837555723993,2.454174211971568,11.801004892540451,1.4799415868697372,nan,nan
A_four_pole_sylvester,5000rpm_+220Nm,lls_-5pct,True,0.002067933052594427,1.9091590536304677,0.2997984077930165,0.03759714832850172,nan,3.53
B_hori53_paper,5000rpm_+220Nm,lls_-5pct,True,0.0020996909828206044,1.9384786391653106,2.3437142008433856e-13,2.9392074193256357e-14,nan,0.0
C_sled23_closed_form,5000rpm_+220Nm,lls_-5pct,True,0.0010491454371789194,1.2209813688712012,5.728725951437702,0.7184286298086114,nan,nan
A_four_pole_sylvester,5000rpm_+220Nm,lls_+5pct,True,0.002067933403509188,1.9091593776023155,0.28357043193574666,0.035562028729740035,nan,3.7799999999999994
B_hori53_paper,5000rpm_+220Nm,lls_+5pct,True,0.0020996909828202154,1.9384786391649513,0.0,0.0,nan,0.0
C_sled23_closed_form,5000rpm_+220Nm,lls_+5pct,True,0.0010382172331715733,1.208263271822548,5.413239753125527,0.6788641054975714,nan,nan
A_four_pole_sylvester,5000rpm_+220Nm,lls_+10pct,True,0.004135867153428484,3.8183190750176896,0.5521955302223142,0.06924979158140683,nan,3.9899999999999998
B_hori53_paper,5000rpm_+220Nm,lls_+10pct,True,0.0041993819656406155,3.876957278330073,2.2737367544323206e-13,2.8514500342302815e-14,nan,0.0
C_sled23_closed_form,5000rpm_+220Nm,lls_+10pct,True,0.002065087363056925,2.403320937241862,10.53611550976976,1.3213142142520349,nan,nan
A_four_pole_sylvester,5000rpm_+220Nm,lls_+20pct,True,0.008271735664598635,7.636639403530889,1.049098391477224,0.1315654346730008,nan,nan
B_hori53_paper,5000rpm_+220Nm,lls_+20pct,True,0.00839876393128141,7.753914556660312,1.6077746776921858e-13,2.016279655418845e-14,nan,0.0
C_sled23_closed_form,5000rpm_+220Nm,lls_+20pct,True,0.004083183721771397,4.751954374759225,19.998758585782838,2.50800629153004,nan,nan
A_four_pole_sylvester,5000rpm_+220Nm,llr_-20pct,True,0.0028767910836877976,2.6559137085871267,0.1876248148908891,0.02352967131310014,nan,3.75
B_hori53_paper,5000rpm_+220Nm,llr_-20pct,True,0.0028774200456037537,2.6564943793853084,2.3437142008433856e-13,2.9392074193256357e-14,nan,0.0
C_sled23_closed_form,5000rpm_+220Nm,llr_-20pct,True,0.0029159690153101187,3.393565576068156,15.395680066428625,1.9307429660377167,nan,nan
A_four_pole_sylvester,5000rpm_+220Nm,llr_-10pct,True,0.001438403571119779,1.327964267089022,0.08823565201045773,0.011065465360275062,nan,3.6899999999999995
B_hori53_paper,5000rpm_+220Nm,llr_-10pct,True,0.0014387167593978322,1.3282534090589644,2.3437142008433856e-13,2.9392074193256357e-14,nan,0.0
C_sled23_closed_form,5000rpm_+220Nm,llr_-10pct,True,0.001416083088252279,1.6480184789049062,7.2325976400464205,0.9070263190354766,nan,nan
A_four_pole_sylvester,5000rpm_+220Nm,llr_-5pct,True,0.000719203770059427,0.663983965675998,0.04284440970842164,0.005373035963442334,3.1999999999999997,3.6599999999999997
B_hori53_paper,5000rpm_+220Nm,llr_-5pct,True,0.0007193600098545313,0.6641282095232477,2.3437142008433856e-13,2.9392074193256357e-14,2.12,0.0
C_sled23_closed_form,5000rpm_+220Nm,llr_-5pct,True,0.0006978826344518767,0.8121864368163635,3.510076046513839,0.44019196344836514,5.56,nan
A_four_pole_sylvester,5000rpm_+220Nm,llr_+5pct,True,0.0007192076843879334,0.6639875794659598,0.04050614191810491,0.005079798245498909,2.5599999999999996,3.6199999999999997
B_hori53_paper,5000rpm_+220Nm,llr_+5pct,True,0.0007193631678234986,0.6641311250262603,2.3437142008433856e-13,2.9392074193256357e-14,1.7499999999999998,0.0
C_sled23_closed_form,5000rpm_+220Nm,llr_+5pct,True,0.0006781851866547449,0.7892628116235777,3.315074269495173,0.41573716134029676,9.18,nan
A_four_pole_sylvester,5000rpm_+220Nm,llr_+10pct,True,0.0014384192231623656,1.3279787173821658,0.0788604060456538,0.009889733588549715,nan,3.6
B_hori53_paper,5000rpm_+220Nm,llr_+10pct,True,0.0014387293955094242,1.328265074981523,0.0,0.0,nan,0.0
C_sled23_closed_form,5000rpm_+220Nm,llr_+10pct,True,0.0013372811636920836,1.5563098574787768,6.450749911511166,0.8089762818907269,nan,nan
A_four_pole_sylvester,5000rpm_+220Nm,llr_+20pct,True,0.0028768536051033467,2.6559714296658585,0.1497647815900464,0.018781716518368387,nan,3.5599999999999996
B_hori53_paper,5000rpm_+220Nm,llr_+20pct,True,0.0028774706579324833,2.6565411057459603,1.1368683772161603e-13,1.4257250171151407e-14,nan,0.0
C_sled23_closed_form,5000rpm_+220Nm,llr_+20pct,True,0.0026005705850198763,3.02650911896617,12.238494502858915,1.5348063271210521,nan,nan
A_four_pole_sylvester,5000rpm_+220Nm,voltage_gain_+5pct,True,0.008752062401175436,8.080087094782733,1.2420119132016607,0.1557583526549229,nan,nan
B_hori53_paper,5000rpm_+220Nm,voltage_gain_+5pct,True,0.008874936413946486,8.193526953797242,2.2737367544323206e-13,2.8514500342302815e-14,nan,0.0
C_sled23_closed_form,5000rpm_+220Nm,voltage_gain_+5pct,True,0.006069976327136851,7.064156924565096,9.96922235052673,1.2502212209590613,nan,nan
A_four_pole_sylvester,5000rpm_+220Nm,voltage_gain_-5pct,True,0.00875206240117473,8.080087094782082,1.2420119132033893,0.1557583526551397,nan,nan
B_hori53_paper,5000rpm_+220Nm,voltage_gain_-5pct,True,0.008874936413945992,8.193526953796786,2.2737367544323206e-13,2.8514500342302815e-14,nan,0.0
C_sled23_closed_form,5000rpm_+220Nm,voltage_gain_-5pct,True,0.006048368700211359,7.039010258558058,9.973413918118881,1.2507468774815598,nan,nan
A_four_pole_sylvester,5000rpm_+220Nm,voltage_offset_+1Vd_-1Vq,True,0.0008260283695595414,0.7626066706181251,0.111402445235581,0.013970768852687332,2.51,3.6899999999999995
B_hori53_paper,5000rpm_+220Nm,voltage_offset_+1Vd_-1Vq,True,0.0008386357457465779,0.7742460640500393,2.3437142008433856e-13,2.9392074193256357e-14,1.5599999999999998,0.0
C_sled23_closed_form,5000rpm_+220Nm,voltage_offset_+1Vd_-1Vq,True,0.0002907561485481214,0.33837810057735696,2.914248443410137,0.3654703565625418,7.2299999999999995,nan
A_four_pole_sylvester,5000rpm_+220Nm,current_gain_+1pct,True,0.0007078684746877514,0.6535189838637198,8.055488262888586,1.010223467522304,2.5799999999999996,nan
B_hori53_paper,5000rpm_+220Nm,current_gain_+1pct,True,0.0007342138894101833,0.6778416218600885,7.973966673577201,0.9999999999999835,1.55,nan
C_sled23_closed_form,5000rpm_+220Nm,current_gain_+1pct,True,0.0003522786029520053,0.4099771067135861,6.58757171862654,0.8261348445881042,7.42,nan
A_four_pole_sylvester,5000rpm_+220Nm,current_gain_-1pct,True,0.0007078684746879922,0.653518983863942,8.055488262888833,1.0102234675223352,3.1799999999999997,nan
B_hori53_paper,5000rpm_+220Nm,current_gain_-1pct,True,0.0007342138894106811,0.6778416218605482,7.973966673577453,1.000000000000015,2.28,nan
C_sled23_closed_form,5000rpm_+220Nm,current_gain_-1pct,True,0.00035313936929021184,0.41097885501716513,6.5898064474374385,0.8264150976794926,5.97,nan
A_four_pole_sylvester,5000rpm_+220Nm,current_offset_+1Ad_-1Aq,True,0.00012766448246475786,0.11786252084846499,1.423021892842591,0.17845847005580545,2.78,nan
B_hori53_paper,5000rpm_+220Nm,current_offset_+1Ad_-1Aq,True,0.00013021564832051634,0.12021781053481322,1.4142135623729344,0.17735383407847638,1.7699999999999998,nan
C_sled23_closed_form,5000rpm_+220Nm,current_offset_+1Ad_-1Aq,True,8.18744638635266e-05,0.09528440140052402,1.0236877695614295,0.1283787368905788,6.72,nan
A_four_pole_sylvester,5000rpm_+220Nm,current_noise_1Arms,True,2.096147503988257e-05,0.01935207225380596,0.29130646832463114,0.03653219034510253,2.75,3.4999999999999996
B_hori53_paper,5000rpm_+220Nm,current_noise_1Arms,True,0.00014231399698085421,0.13138725910563795,1.3961581967378187,0.17508954500200652,1.8699999999999999,nan
C_sled23_closed_form,5000rpm_+220Nm,current_noise_1Arms,True,4.974912234342101e-06,0.005789736041014883,0.21707734720480243,0.02722325739385308,6.55,9.979999999999999
A_four_pole_sylvester,5000rpm_-220Nm,nominal,True,5.781902056207682e-16,5.337972930973046e-13,8.512517372697824e-13,1.0675386192552123e-13,2.8199999999999994,3.71
B_hori53_paper,5000rpm_-220Nm,nominal,True,2.1136209597516238e-16,1.9513390852718e-13,2.2737367544323206e-13,2.8514500342302815e-14,1.7799999999999998,0.0
C_sled23_closed_form,5000rpm_-220Nm,nominal,True,1.0269562977782698e-15,1.1951579464557837e-12,7.281506613338231e-12,9.13159900387638e-13,6.259999999999999,9.43
A_four_pole_sylvester,5000rpm_-220Nm,rs_-20pct,True,0.0007093308634693634,0.6548690917788862,0.09374315112866638,0.011756150353536745,2.59,3.75
B_hori53_paper,5000rpm_-220Nm,rs_-20pct,True,0.0007169657712797644,0.6619177983855018,5.262677972112621e-14,6.59982438796881e-15,1.6199999999999999,0.0
C_sled23_closed_form,5000rpm_-220Nm,rs_-20pct,True,7.429228775004959e-05,0.08646036667474853,3.6180172583514385,0.4537286656012942,6.33,nan
A_four_pole_sylvester,5000rpm_-220Nm,rs_-10pct,True,0.0003546624823226882,0.3274318229305914,0.04689808022039059,0.005881399075292456,2.6899999999999995,3.73
B_hori53_paper,5000rpm_-220Nm,rs_-10pct,True,0.00035848288563980474,0.33095889919267935,0.0,0.0,1.68,0.0
C_sled23_closed_form,5000rpm_-220Nm,rs_-10pct,True,3.694437033716081e-05,0.04299536200399879,1.8077223366845112,0.22670302130489303,6.289999999999999,nan
A_four_pole_sylvester,5000rpm_-220Nm,rs_-5pct,True,0.00017733050361274868,0.1637152305450035,0.023455678023351717,0.0029415319857148186,2.75,3.7199999999999998
B_hori53_paper,5000rpm_-220Nm,rs_-5pct,True,0.00017924144281985385,0.1654794495962949,2.3437142008433856e-13,2.9392074193256357e-14,1.7199999999999998,0.0
C_sled23_closed_form,5000rpm_-220Nm,rs_-5pct,True,1.8421948168562127e-05,0.021439215856103856,0.9035381666669862,0.11331100362645909,6.27,10.329999999999998
A_four_pole_sylvester,5000rpm_-220Nm,rs_+5pct,True,0.00017732902817123615,0.16371386838653407,0.02346897720398934,0.0029431998106734672,2.9,3.6999999999999997
B_hori53_paper,5000rpm_-220Nm,rs_+5pct,True,0.0001792414428201094,0.1654794495965308,2.3437142008433856e-13,2.9392074193256357e-14,1.8499999999999999,0.0
C_sled23_closed_form,5000rpm_-220Nm,rs_+5pct,True,1.8321888722569454e-05,0.021322768016741246,0.9028893163718138,0.11322963254457051,6.239999999999999,11.229999999999999
A_four_pole_sylvester,5000rpm_-220Nm,rs_+10pct,True,0.0003546565805929306,0.3274263743302198,0.046951276829428144,0.005888070360891609,2.9999999999999996,3.6899999999999995
B_hori53_paper,5000rpm_-220Nm,rs_+10pct,True,0.000358482885640095,0.3309588991929473,2.3437142008433856e-13,2.9392074193256357e-14,1.94,0.0
C_sled23_closed_form,5000rpm_-220Nm,rs_+10pct,True,3.654413396812773e-05,0.04252957229323373,1.8051269437133397,0.2263775380068788,6.22,nan
A_four_pole_sylvester,5000rpm_-220Nm,rs_+20pct,True,0.0007093072571445242,0.6548472979259695,0.09395593570966204,0.011782835263281947,3.2999999999999994,3.6699999999999995
B_hori53_paper,5000rpm_-220Nm,rs_+20pct,True,0.0007169657712800582,0.661917798385773,2.2737367544323206e-13,2.8514500342302815e-14,2.2399999999999998,0.0
C_sled23_closed_form,5000rpm_-220Nm,rs_+20pct,True,7.269136481675986e-05,0.08459723406674574,3.60763581786983,0.4524267488882474,6.1899999999999995,nan
A_four_pole_sylvester,5000rpm_-220Nm,rr_-20pct,True,0.0004381584287761046,0.40451702736358436,1.4098577655769853,0.176807581883771,2.9499999999999997,nan
B_hori53_paper,5000rpm_-220Nm,rr_-20pct,True,0.00038965844869428667,0.35974083117196615,0.0,0.0,1.7199999999999998,0.0
C_sled23_closed_form,5000rpm_-220Nm,rr_-20pct,True,0.0003424674569538349,0.3985590267729702,0.5790465164383433,0.07261712271222309,7.1899999999999995,9.7
A_four_pole_sylvester,5000rpm_-220Nm,rr_-10pct,True,0.00021897628536239155,0.20216348745211082,0.7049262951486139,0.08840346643088808,2.8699999999999997,4.24
B_hori53_paper,5000rpm_-220Nm,rr_-10pct,True,0.0001948232848610676,0.17986493212818874,4.547473508864641e-13,5.702900068460563e-14,1.7399999999999998,0.0
C_sled23_closed_form,5000rpm_-220Nm,rr_-10pct,True,0.00017011584707693483,0.19797853802728554,0.2913864185624052,0.03654221675241605,6.599999999999999,9.51
A_four_pole_sylvester,5000rpm_-220Nm,rr_-5pct,True,0.00010946226992193661,0.10105785745347028,0.35246249584616457,0.0442016514834568,2.84,3.8899999999999997
B_hori53_paper,5000rpm_-220Nm,rr_-5pct,True,9.741002665498553e-05,0.0899309743463075,2.3437142008433856e-13,2.9392074193256357e-14,1.7599999999999998,0.0
C_sled23_closed_form,5000rpm_-220Nm,rr_-5pct,True,8.478201474923508e-05,0.09866817007042443,0.14618625323773035,0.01833294008139454,6.409999999999999,9.449999999999998
A_four_pole_sylvester,5000rpm_-220Nm,rr_+5pct,True,0.00010941024379758757,0.1010098258471271,0.35246118263083775,0.044201486795619416,2.7999999999999994,3.58
B_hori53_paper,5000rpm_-220Nm,rr_+5pct,True,9.740653336149758e-05,0.08992774926468257,0.0,0.0,1.8,0.0
C_sled23_closed_form,5000rpm_-220Nm,rr_+5pct,True,8.423716092663402e-05,0.09803407650953265,0.14722330929441707,0.018462995309756997,6.109999999999999,9.459999999999999
A_four_pole_sylvester,5000rpm_-220Nm,rr_+10pct,True,0.00021876818119332056,0.20197136132985474,0.7049210421902935,0.08840280766737231,2.78,3.4899999999999998
B_hori53_paper,5000rpm_-220Nm,rr_+10pct,True,0.00019480931174260279,0.1798520318529158,0.0,0.0,1.8199999999999998,0.0
C_sled23_closed_form,5000rpm_-220Nm,rr_+10pct,True,0.00016793630766674672,0.19544201933478098,0.2955319175858364,0.037062095903299355,5.9799999999999995,9.569999999999999
A_four_pole_sylvester,5000rpm_-220Nm,rr_+20pct,True,0.0004373260173009337,0.4037485276763365,1.4098367521653403,0.17680494663176843,2.77,nan
B_hori53_paper,5000rpm_-220Nm,rr_+20pct,True,0.00038960255712111987,0.3596892309024124,2.3437142008433856e-13,2.9392074193256357e-14,1.8799999999999997,0.0
C_sled23_closed_form,5000rpm_-220Nm,rr_+20pct,True,0.0003337473127221907,0.38841064003515374,0.595584911327067,0.07469117137153411,5.6899999999999995,9.969999999999999
A_four_pole_sylvester,5000rpm_-220Nm,lm_-20pct,True,0.006219311824475101,5.741798779293644,2.650878575712526,0.3324416421875102,nan,nan
B_hori53_paper,5000rpm_-220Nm,lm_-20pct,True,0.006452040475650771,5.956658738552866,2.3437142008433856e-13,2.9392074193256357e-14,nan,0.0
C_sled23_closed_form,5000rpm_-220Nm,lm_-20pct,True,0.00040148287353798656,0.4672403759662501,13.915692032964781,1.7451404805936837,7.259999999999999,nan
A_four_pole_sylvester,5000rpm_-220Nm,lm_-10pct,True,0.002764527884499322,2.5522699746416286,1.1966876509233513,0.1500743230955197,nan,nan
B_hori53_paper,5000rpm_-220Nm,lm_-10pct,True,0.0028682207104535153,2.648001360732009,2.5421149729252077e-13,3.188018055491506e-14,nan,0.0
C_sled23_closed_form,5000rpm_-220Nm,lm_-10pct,True,0.00018353259278430792,0.21359276648319364,6.286838836365264,0.7884205055932111,6.569999999999999,nan
A_four_pole_sylvester,5000rpm_-220Nm,lm_-5pct,True,0.0013095944306010753,1.20904497397984,0.5706287462043245,0.07156146615149137,nan,3.6399999999999997
B_hori53_paper,5000rpm_-220Nm,lm_-5pct,True,0.00135876548833478,1.2544407230980779,2.3437142008433856e-13,2.9392074193256357e-14,nan,0.0
C_sled23_closed_form,5000rpm_-220Nm,lm_-5pct,True,8.799239297442586e-05,0.10240436513078503,2.998815664449803,0.3760757709693877,6.39,nan
A_four_pole_sylvester,5000rpm_-220Nm,lm_+5pct,True,0.0011850019058659046,1.0940185487701835,0.5222480836551068,0.06549413924510578,nan,3.92
B_hori53_paper,5000rpm_-220Nm,lm_+5pct,True,0.001229575437211385,1.1351697653503052,2.3437142008433856e-13,2.9392074193256357e-14,nan,0.0
C_sled23_closed_form,5000rpm_-220Nm,lm_+5pct,True,8.130211361823125e-05,0.094618307872201,2.746154761093371,0.3443900474519252,6.14,nan
A_four_pole_sylvester,5000rpm_-220Nm,lm_+10pct,True,0.0022623878895451813,2.088683826940225,1.0020182224945897,0.1256612001922323,nan,nan
B_hori53_paper,5000rpm_-220Nm,lm_+10pct,True,0.0023475552570759732,2.1673121222766185,4.687428401686771e-13,5.878414838651271e-14,nan,0.0
C_sled23_closed_form,5000rpm_-220Nm,lm_+10pct,True,0.00015664676099948205,0.1823033965516545,5.270286835750391,0.6609366519193132,6.039999999999999,nan
A_four_pole_sylvester,5000rpm_-220Nm,lm_+20pct,True,0.004148079395229489,3.8295936721185297,1.8532955509064963,0.23241827145423205,nan,nan
B_hori53_paper,5000rpm_-220Nm,lm_+20pct,True,0.004304457590598815,3.9739652933879808,5.684341886080802e-14,7.128625085575704e-15,nan,0.0
C_sled23_closed_form,5000rpm_-220Nm,lm_+20pct,True,0.00029189770353447997,0.33970662693842446,9.752121547455186,1.2229950220095556,5.859999999999999,nan
A_four_pole_sylvester,5000rpm_-220Nm,lls_-20pct,True,0.00812574075569659,7.501853849537928,0.9405293341394473,0.117949995609588,nan,4.859999999999999
B_hori53_paper,5000rpm_-220Nm,lls_-20pct,True,0.008157810340992085,7.531461161552336,5.684341886080802e-14,7.128625085575704e-15,nan,0.0
C_sled23_closed_form,5000rpm_-220Nm,lls_-20pct,True,0.006716156000750054,7.816172149972251,29.129471523565357,3.653071641255941,nan,nan
A_four_pole_sylvester,5000rpm_-220Nm,lls_-10pct,True,0.0040628599619083675,3.7509173085553296,0.4427636780462244,0.055526151057713025,nan,3.92
B_hori53_paper,5000rpm_-220Nm,lls_-10pct,True,0.004078905170496141,3.765730580776259,2.3437142008433856e-13,2.9392074193256357e-14,nan,0.0
C_sled23_closed_form,5000rpm_-220Nm,lls_-10pct,True,0.0033605609298242166,3.9109756749312337,13.764739294041723,1.7262097846047908,nan,nan
A_four_pole_sylvester,5000rpm_-220Nm,lls_-5pct,True,0.0020314275981596374,1.8754564544318937,0.21509222912328002,0.02697430750946241,nan,3.7899999999999996
B_hori53_paper,5000rpm_-220Nm,lls_-5pct,True,0.002039452585248099,1.8828652903881555,4.547473508864641e-13,5.702900068460563e-14,nan,0.0
C_sled23_closed_form,5000rpm_-220Nm,lls_-5pct,True,0.001681114907152878,1.956458950138154,6.700930159052221,0.8403509110787388,nan,nan
A_four_pole_sylvester,5000rpm_-220Nm,lls_+5pct,True,0.0020314232159230087,1.8754524086593651,0.2035270187683615,0.025523936467250607,nan,3.6399999999999997
B_hori53_paper,5000rpm_-220Nm,lls_+5pct,True,0.0020394525852478725,1.8828652903879466,2.3437142008433856e-13,2.9392074193256357e-14,nan,0.0
C_sled23_closed_form,5000rpm_-220Nm,lls_+5pct,True,0.0016832121904936798,1.9588997403218757,6.370589088284548,0.7989234654559354,nan,nan
A_four_pole_sylvester,5000rpm_-220Nm,lls_+10pct,True,0.004062842393072738,3.7509010886387513,0.3963967550503331,0.04971136340008041,nan,3.6
B_hori53_paper,5000rpm_-220Nm,lls_+10pct,True,0.004078905170495845,3.765730580775985,5.684341886080802e-14,7.128625085575704e-15,nan,0.0
C_sled23_closed_form,5000rpm_-220Nm,lls_+10pct,True,0.003368957842035447,3.9207478885849745,12.440367691318823,1.5601228598736705,nan,nan
A_four_pole_sylvester,5000rpm_-220Nm,lls_+20pct,True,0.008125669834925568,7.501788373998516,0.7533447430319369,0.09447553192418429,nan,3.5399999999999996
B_hori53_paper,5000rpm_-220Nm,lls_+20pct,True,0.008157810340991794,7.531461161552066,5.684341886080802e-14,7.128625085575704e-15,nan,0.0
C_sled23_closed_form,5000rpm_-220Nm,lls_+20pct,True,0.006749868859206282,7.85540672185118,23.783329454647028,2.9826221287650765,nan,nan
A_four_pole_sylvester,5000rpm_-220Nm,llr_-20pct,True,0.002797403404350024,2.5826213422968975,0.18051619737504276,0.022638193105722928,nan,3.8099999999999996
B_hori53_paper,5000rpm_-220Nm,llr_-20pct,True,0.0027965858437734082,2.5818665532698644,2.2737367544323206e-13,2.8514500342302815e-14,nan,0.0
C_sled23_closed_form,5000rpm_-220Nm,llr_-20pct,True,0.004787866140139943,5.572054308770913,18.459809746292738,2.315009643501702,nan,nan
A_four_pole_sylvester,5000rpm_-220Nm,llr_-10pct,True,0.0013986937518693573,1.2913033312599544,0.08489476211037633,0.010646490709785008,nan,3.7599999999999993
B_hori53_paper,5000rpm_-220Nm,llr_-10pct,True,0.0013982861558119617,1.2909270300531892,5.684341886080802e-14,7.128625085575704e-15,nan,0.0
C_sled23_closed_form,5000rpm_-220Nm,llr_-10pct,True,0.0023450306316101927,2.7291151533074043,8.7062615620569,1.0918357096858833,nan,nan
A_four_pole_sylvester,5000rpm_-220Nm,llr_-5pct,True,0.0006993449121002633,0.6456498525769632,0.04122265119632102,0.005169654311814103,2.64,3.73
B_hori53_paper,5000rpm_-220Nm,llr_-5pct,True,0.0006991414406020073,0.6454620034333152,2.3437142008433856e-13,2.9392074193256357e-14,1.7499999999999998,0.0
C_sled23_closed_form,5000rpm_-220Nm,llr_-5pct,True,0.0011607354291965355,1.3508483028325786,4.233675014695209,0.5309371343028031,nan,nan
A_four_pole_sylvester,5000rpm_-220Nm,llr_+5pct,True,0.0006993410404329936,0.6456462781727476,0.03897370689415362,0.0048876184826928785,3.2399999999999998,3.6799999999999997
B_hori53_paper,5000rpm_-220Nm,llr_+5pct,True,0.0006991382687575607,0.6454590751201695,2.2737367544323206e-13,2.8514500342302815e-14,2.09,0.0
C_sled23_closed_form,5000rpm_-220Nm,llr_+5pct,True,0.0011380089940594557,1.3243995828554436,4.0145898175767,0.503462076268704,nan,nan
A_four_pole_sylvester,5000rpm_-220Nm,llr_+10pct,True,0.0013986782701430858,1.2912890382063955,0.07587767395926347,0.009515674828525805,nan,3.6599999999999997
B_hori53_paper,5000rpm_-220Nm,llr_+10pct,True,0.0013982734641820188,1.2909153128749273,0.0,0.0,nan,0.0
C_sled23_closed_form,5000rpm_-220Nm,llr_+10pct,True,0.0022540830298051623,2.6232715558305357,7.827846058509127,0.9816752914766496,nan,nan
A_four_pole_sylvester,5000rpm_-220Nm,llr_+20pct,True,0.0027973415588058033,2.582564245196714,0.14410278625910017,0.018071656448803774,nan,3.6299999999999994
B_hori53_paper,5000rpm_-220Nm,llr_+20pct,True,0.0027965350091100653,2.5818196216452467,0.0,0.0,nan,0.0
C_sled23_closed_form,5000rpm_-220Nm,llr_+20pct,True,0.004423402368589735,5.1478962664999415,14.912559609607047,1.8701557480822601,nan,nan
A_four_pole_sylvester,5000rpm_-220Nm,voltage_gain_+5pct,True,0.008473498701327239,7.822911259757144,0.7640994986470002,0.0958242653783509,nan,4.069999999999999
B_hori53_paper,5000rpm_-220Nm,voltage_gain_+5pct,True,0.008504286276908874,7.851334993585118,2.3437142008433856e-13,2.9392074193256357e-14,nan,0.0
C_sled23_closed_form,5000rpm_-220Nm,voltage_gain_+5pct,True,0.006935800646302698,8.07179163845158,12.877670062600112,1.6149641188333224,nan,nan
A_four_pole_sylvester,5000rpm_-220Nm,voltage_gain_-5pct,True,0.00847349870132695,7.822911259756879,0.7640994986477941,0.09582426537845047,nan,3.7399999999999998
B_hori53_paper,5000rpm_-220Nm,voltage_gain_-5pct,True,0.008504286276908518,7.851334993584788,5.684341886080802e-14,7.128625085575704e-15,nan,0.0
C_sled23_closed_form,5000rpm_-220Nm,voltage_gain_-5pct,True,0.006945523188646927,8.083106602649762,13.019050794309008,1.6326944075963012,nan,nan
A_four_pole_sylvester,5000rpm_-220Nm,voltage_offset_+1Vd_-1Vq,True,0.0008263157309506986,0.7628719686658076,0.10075087191856026,0.012634975294342527,2.5599999999999996,3.75
B_hori53_paper,5000rpm_-220Nm,voltage_offset_+1Vd_-1Vq,True,0.0008343610789994182,0.7702996022865144,2.3201395453391027e-14,2.9096428920717155e-15,1.5599999999999998,0.0
C_sled23_closed_form,5000rpm_-220Nm,voltage_offset_+1Vd_-1Vq,True,0.00023235574667307413,0.27041249724236094,3.531051330188877,0.4428224338947167,6.68,nan
A_four_pole_sylvester,5000rpm_-220Nm,current_gain_+1pct,True,0.0007011316843498293,0.6472994380955827,7.928783242254762,0.9943336317830007,2.9699999999999998,nan
B_hori53_paper,5000rpm_-220Nm,current_gain_+1pct,True,0.00071250504683236,0.6577995642609356,7.9739666735772206,0.999999999999986,1.7199999999999998,nan
C_sled23_closed_form,5000rpm_-220Nm,current_gain_+1pct,True,0.0005289809563663317,0.6156209323539328,6.319832206206273,0.7925581413762068,7.81,nan
A_four_pole_sylvester,5000rpm_-220Nm,current_gain_-1pct,True,0.0007011316843501243,0.6472994380958551,7.928783242253859,0.9943336317828874,2.9099999999999997,nan
B_hori53_paper,5000rpm_-220Nm,current_gain_-1pct,True,0.0007125050468326601,0.6577995642612127,7.973966673577453,1.000000000000015,2.0399999999999996,nan
C_sled23_closed_form,5000rpm_-220Nm,current_gain_-1pct,True,0.0005285947949490305,0.6151715228829547,6.331004313923125,0.7939592141639665,5.509999999999999,nan
A_four_pole_sylvester,5000rpm_-220Nm,current_offset_+1Ad_-1Aq,True,0.000124137391013254,0.114606236236556,1.402938106503515,0.17593980059539424,2.8299999999999996,nan
B_hori53_paper,5000rpm_-220Nm,current_offset_+1Ad_-1Aq,True,0.00012636550185590967,0.11666327477675992,1.4142135623730951,0.17735383407849653,1.7699999999999998,nan
C_sled23_closed_form,5000rpm_-220Nm,current_offset_+1Ad_-1Aq,True,8.773516179917674e-05,0.10210500294386408,0.9991346855662048,0.1252995813083785,6.3999999999999995,20.71
A_four_pole_sylvester,5000rpm_-220Nm,current_noise_1Arms,True,2.0762716390912038e-05,0.0191685741112073,0.28930932434362855,0.0362817323155223,2.8099999999999996,3.53
B_hori53_paper,5000rpm_-220Nm,current_noise_1Arms,True,0.00014154414500994902,0.13067651566142205,1.396158196737817,0.1750895450020063,1.8699999999999999,nan
C_sled23_closed_form,5000rpm_-220Nm,current_noise_1Arms,True,5.2870353542389205e-06,0.006152980735871213,0.20937912280069856,0.026257837707611746,6.259999999999999,9.489999999999998
A_four_pole_sylvester,1000rpm_-220Nm,nominal,True,1.8865132031864953e-15,1.7416684535015675e-12,2.45348586258117e-13,3.076869973273251e-14,3.4999999999999996,3.6499999999999995
B_hori53_paper,1000rpm_-220Nm,nominal,True,1.9721568863706518e-16,1.820736493413283e-13,2.3437142008433856e-13,2.939207419325634e-14,1.7799999999999998,0.0
C_sled23_closed_form,1000rpm_-220Nm,nominal,True,7.081128126039377e-09,8.240921807497183e-06,2.7157039941934127e-05,3.405712746696335e-06,28.449999999999996,35.989999999999995
A_four_pole_sylvester,1000rpm_-220Nm,rs_-20pct,True,0.0035426903811327723,3.270685870059308,0.07617616389947378,0.009553107884422481,nan,3.6799999999999997
B_hori53_paper,1000rpm_-220Nm,rs_-20pct,True,0.0035695004565139167,3.2954374924961223,2.3437142008433856e-13,2.939207419325634e-14,nan,0.0
C_sled23_closed_form,1000rpm_-220Nm,rs_-20pct,True,0.007432797138832774,8.650189481371495,32.17064169001568,4.034459009794562,nan,nan
A_four_pole_sylvester,1000rpm_-220Nm,rs_-10pct,True,0.0017713361631755697,1.6353346007536065,0.03809899926833408,0.004777923062379922,nan,3.6699999999999995
B_hori53_paper,1000rpm_-220Nm,rs_-10pct,True,0.0017847502282568606,1.647718746247971,2.2737367544323206e-13,2.851450034230279e-14,nan,0.0
C_sled23_closed_form,1000rpm_-220Nm,rs_-10pct,True,0.2663459211461521,309.969805777109,1496.1155697909871,187.62500911228264,nan,nan
A_four_pole_sylvester,1000rpm_-220Nm,rs_-5pct,True,0.0008856658096312771,0.8176652028590278,0.01905224705928171,0.0023893060805500396,3.25,3.6599999999999997
B_hori53_paper,1000rpm_-220Nm,rs_-5pct,True,0.0008923751141283653,0.8238593731239255,2.3437142008433856e-13,2.939207419325634e-14,1.5799999999999998,0.0
C_sled23_closed_form,1000rpm_-220Nm,rs_-5pct,True,0.0018427586465324171,2.1445777630148393,7.80628450623568,0.9789712982000167,nan,nan
A_four_pole_sylvester,1000rpm_-220Nm,rs_+5pct,True,0.00088566123516361,0.8176609796147833,0.019057778510088257,0.002389999769278998,4.2299999999999995,3.6499999999999995
B_hori53_paper,1000rpm_-220Nm,rs_+5pct,True,0.0008923751141286585,0.8238593731241961,2.2737367544323206e-13,2.851450034230279e-14,2.55,0.0
C_sled23_closed_form,1000rpm_-220Nm,rs_+5pct,True,0.0018343575503751413,2.134800680140885,7.6544349622516155,0.9599281355934767,nan,nan
A_four_pole_sylvester,1000rpm_-220Nm,rs_+10pct,True,0.0017713178650169148,1.6353177075107537,0.03812112540346246,0.004780697858918976,nan,3.6399999999999997
B_hori53_paper,1000rpm_-220Nm,rs_+10pct,True,0.0017847502282571889,1.647718746248274,0.0,0.0,nan,0.0
C_sled23_closed_form,1000rpm_-220Nm,rs_+10pct,True,0.2696331693691207,313.7954611084538,1485.9268722242527,186.34726392173704,nan,nan
A_four_pole_sylvester,1000rpm_-220Nm,rs_+20pct,True,0.003542617184043757,3.2706182929755054,0.07626467375415964,0.009564207737018951,nan,3.6299999999999994
B_hori53_paper,1000rpm_-220Nm,rs_+20pct,True,0.003569500456514233,3.2954374924964145,2.3437142008433856e-13,2.939207419325634e-14,nan,0.0
C_sled23_closed_form,1000rpm_-220Nm,rs_+20pct,True,0.2714483329392462,315.9079240921717,1481.8524242976873,185.83629515382552,nan,nan
A_four_pole_sylvester,1000rpm_-220Nm,rr_-20pct,True,0.001344017205213006,1.2408247995979844,0.30004285121490204,0.03762780351329142,nan,3.8199999999999994
B_hori53_paper,1000rpm_-220Nm,rr_-20pct,True,0.0013640164521289385,1.2592885227187312,5.684341886080802e-14,7.128625085575697e-15,nan,0.0
C_sled23_closed_form,1000rpm_-220Nm,rr_-20pct,True,0.27119864564850815,315.61734137672397,1510.0175332149433,189.36842791412212,nan,nan
A_four_pole_sylvester,1000rpm_-220Nm,rr_-10pct,True,0.0006714674125238282,0.6199127617934111,0.1500217038790759,0.01881393665416112,3.6499999999999995,3.73
B_hori53_paper,1000rpm_-220Nm,rr_-10pct,True,0.0006814918516035669,0.6291675336549273,2.3437142008433856e-13,2.939207419325634e-14,1.6099999999999999,0.0
C_sled23_closed_form,1000rpm_-220Nm,rr_-10pct,True,0.0014505065470910988,1.6880800379651262,2.4343824180209244,0.3052912706655185,nan,nan
A_four_pole_sylvester,1000rpm_-220Nm,rr_-5pct,True,0.0003355874428680585,0.309821347471787,0.07501092196122532,0.009406977108367243,3.5399999999999996,3.6899999999999995
B_hori53_paper,1000rpm_-220Nm,rr_-5pct,True,0.00034060568770460676,0.3144542960824833,2.3437142008433856e-13,2.939207419325634e-14,1.68,0.0
C_sled23_closed_form,1000rpm_-220Nm,rr_-5pct,True,0.2687098138516688,312.72087235869515,1495.2647899248625,187.5183144268203,nan,nan
A_four_pole_sylvester,1000rpm_-220Nm,rr_+5pct,True,0.0003352731235325665,0.30953116128595626,0.07501106292298385,0.009406994786113378,3.4999999999999996,3.6199999999999997
B_hori53_paper,1000rpm_-220Nm,rr_+5pct,True,0.00034030306116305734,0.31417490492862415,2.3437142008433856e-13,2.939207419325634e-14,1.9099999999999997,0.0
C_sled23_closed_form,1000rpm_-220Nm,rr_+5pct,True,0.0007117103706013653,0.8282789704288536,1.2155620626298016,0.1524413271825811,24.13,nan
A_four_pole_sylvester,1000rpm_-220Nm,rr_+10pct,True,0.0006702102547604556,0.618752127447549,0.15002226773437619,0.018814007366182297,3.5599999999999996,3.59
B_hori53_paper,1000rpm_-220Nm,rr_+10pct,True,0.000680281464684044,0.6280500791305151,5.684341886080802e-14,7.128625085575697e-15,2.12,0.0
C_sled23_closed_form,1000rpm_-220Nm,rr_+10pct,True,0.266450168034158,310.09112690524574,1481.9656492283077,185.8504944771053,nan,nan
A_four_pole_sylvester,1000rpm_-220Nm,rr_+20pct,True,0.0013389904865955123,1.2361840278154548,0.3000451067724041,0.03762808637846936,nan,3.53
B_hori53_paper,1000rpm_-220Nm,rr_+20pct,True,0.0013591768116416828,1.2548204653795592,2.2737367544323206e-13,2.851450034230279e-14,nan,0.0
C_sled23_closed_form,1000rpm_-220Nm,rr_+20pct,True,0.00279346949386736,3.2510022782860784,4.858379864165009,0.6092801817524283,nan,nan
A_four_pole_sylvester,1000rpm_-220Nm,lm_-20pct,True,0.0063405784196800255,5.853754636785239,0.46566943282696877,0.05839871821511599,nan,3.73
B_hori53_paper,1000rpm_-220Nm,lm_-20pct,True,0.006572397374499179,6.067774745338019,2.3437142008433856e-13,2.939207419325634e-14,nan,0.0
C_sled23_closed_form,1000rpm_-220Nm,lm_-20pct,True,0.2678482831662871,311.71823451813947,1528.6223630398172,191.70162424995874,nan,nan
A_four_pole_sylvester,1000rpm_-220Nm,lm_-10pct,True,0.002832103210208048,2.614656928956703,0.21023819428614343,0.026365572229288595,nan,3.6699999999999995
B_hori53_paper,1000rpm_-220Nm,lm_-10pct,True,0.0029358124479555918,2.710403466758027,2.3437142008433856e-13,2.939207419325634e-14,nan,0.0
C_sled23_closed_form,1000rpm_-220Nm,lm_-10pct,True,0.0010427603516441515,1.2135504920829803,8.272237075602058,1.0374055240302258,nan,nan
A_four_pole_sylvester,1000rpm_-220Nm,lm_-5pct,True,0.0013444493439106321,1.2412237590836226,0.10025427648861977,0.012572698205627562,nan,3.6599999999999997
B_hori53_paper,1000rpm_-220Nm,lm_-5pct,True,0.0013937123214777772,1.2867043705149808,5.684341886080802e-14,7.128625085575697e-15,nan,0.0
C_sled23_closed_form,1000rpm_-220Nm,lm_-5pct,True,0.0005124538608389266,0.5963869205521212,3.947695551610144,0.49507299355680634,22.739999999999995,nan
A_four_pole_sylvester,1000rpm_-220Nm,lm_+5pct,True,0.0012211056278234537,1.1273502601418526,0.09176103350206925,0.011507576750493588,nan,3.6499999999999995
B_hori53_paper,1000rpm_-220Nm,lm_+5pct,True,0.0012658928779743198,1.1686987863939295,5.684341886080802e-14,7.128625085575697e-15,nan,0.0
C_sled23_closed_form,1000rpm_-220Nm,lm_+5pct,True,0.26797301618710023,311.86339713249095,1483.316207207851,186.01986538556653,nan,nan
A_four_pole_sylvester,1000rpm_-220Nm,lm_+10pct,True,0.0023351991643556446,2.1559047189978147,0.1760642476550364,0.02207988255562262,nan,3.6499999999999995
B_hori53_paper,1000rpm_-220Nm,lm_+10pct,True,0.002420882051048919,2.235008952409253,2.2737367544323206e-13,2.851450034230279e-14,nan,0.0
C_sled23_closed_form,1000rpm_-220Nm,lm_+10pct,True,0.0009706845633609477,1.1296696577182697,6.948601918717356,0.8714109555715036,nan,nan
A_four_pole_sylvester,1000rpm_-220Nm,lm_+20pct,True,0.004294367143247073,3.964649581308912,0.325660633601897,0.040840480896541895,nan,3.6599999999999997
B_hori53_paper,1000rpm_-220Nm,lm_+20pct,True,0.004452034610251321,4.110211485122236,2.3437142008433856e-13,2.939207419325634e-14,nan,0.0
C_sled23_closed_form,1000rpm_-220Nm,lm_+20pct,True,0.001870921336310163,2.1773531231292473,12.87191063297403,1.614241839714052,nan,nan
A_four_pole_sylvester,1000rpm_-220Nm,lls_-20pct,True,0.007678758063876868,7.08919007793608,0.22303646663406465,0.027970579231679234,nan,3.7899999999999996
B_hori53_paper,1000rpm_-220Nm,lls_-20pct,True,0.007728335409691771,7.134960920710096,5.684341886080802e-14,7.128625085575697e-15,nan,0.0
C_sled23_closed_form,1000rpm_-220Nm,lls_-20pct,True,0.015166835370641688,17.65095930082393,43.2897195061006,5.428881418522361,nan,nan
A_four_pole_sylvester,1000rpm_-220Nm,lls_-10pct,True,0.003839370935755166,3.5445875644022813,0.10494622931055617,0.013161107088434123,nan,3.7199999999999998
B_hori53_paper,1000rpm_-220Nm,lls_-10pct,True,0.0038641677048459697,3.567480460355126,2.2737367544323206e-13,2.851450034230279e-14,nan,0.0
C_sled23_closed_form,1000rpm_-220Nm,lls_-10pct,True,0.2650559801394256,308.4685897584881,1551.1810424344637,194.5306653430696,nan,nan
A_four_pole_sylvester,1000rpm_-220Nm,lls_-5pct,True,0.0019196836293855271,1.7722920848668149,0.05097117144513499,0.006392197701808044,nan,3.6799999999999997
B_hori53_paper,1000rpm_-220Nm,lls_-5pct,True,0.001932083852422998,1.783740230177575,5.684341886080802e-14,7.128625085575697e-15,nan,0.0
C_sled23_closed_form,1000rpm_-220Nm,lls_-5pct,True,0.004076359361052325,4.744012275411352,10.556141640568805,1.3238256532407888,nan,nan
A_four_pole_sylvester,1000rpm_-220Nm,lls_+5pct,True,0.001919680270052636,1.7722889834604154,0.048211224320812804,0.006046077980306373,nan,3.6299999999999994
B_hori53_paper,1000rpm_-220Nm,lls_+5pct,True,0.0019320838524228238,1.7837402301774141,0.0,0.0,nan,0.0
C_sled23_closed_form,1000rpm_-220Nm,lls_+5pct,True,0.0043795360183478274,5.09684519725089,10.630018557189185,1.3330904168953923,nan,nan
A_four_pole_sylvester,1000rpm_-220Nm,lls_+10pct,True,0.0038393574628620957,3.544575125945557,0.09388072773534434,0.011773403574212193,nan,3.6
B_hori53_paper,1000rpm_-220Nm,lls_+10pct,True,0.0038641677048457217,3.567480460354897,4.687428401686771e-13,5.878414838651268e-14,nan,0.0
C_sled23_closed_form,1000rpm_-220Nm,lls_+10pct,True,0.009204587109651788,10.712174852760892,21.611305468412755,2.710232730219993,nan,nan
A_four_pole_sylvester,1000rpm_-220Nm,lls_+20pct,True,0.007678703595509066,7.08913979159949,0.17835821848701666,0.02236756507624082,nan,3.5599999999999996
B_hori53_paper,1000rpm_-220Nm,lls_+20pct,True,0.0077283354096915275,7.134960920709871,2.3437142008433856e-13,2.939207419325634e-14,nan,0.0
C_sled23_closed_form,1000rpm_-220Nm,lls_+20pct,True,0.021989838559148163,25.59147877285829,47.973520324755896,6.016267974096467,nan,nan
A_four_pole_sylvester,1000rpm_-220Nm,llr_-20pct,True,0.002670864866293953,2.4657983168803725,0.027956911727701594,0.003506023146590274,nan,3.6999999999999997
B_hori53_paper,1000rpm_-220Nm,llr_-20pct,True,0.0026649196583329914,2.4603095765219036,2.3437142008433856e-13,2.939207419325634e-14,nan,0.0
C_sled23_closed_form,1000rpm_-220Nm,llr_-20pct,True,0.26273276344184693,305.7648613686269,1560.9008668460572,195.74961004267576,nan,nan
A_four_pole_sylvester,1000rpm_-220Nm,llr_-10pct,True,0.0013353561934106703,1.232828772320755,0.013152305256904974,0.0016494055963999273,nan,3.6699999999999995
B_hori53_paper,1000rpm_-220Nm,llr_-10pct,True,0.0013323921664072787,1.230092320586193,2.3437142008433856e-13,2.939207419325634e-14,nan,0.0
C_sled23_closed_form,1000rpm_-220Nm,llr_-10pct,True,0.2654785708250268,308.96039512263764,1524.432044188119,191.17612432962636,nan,nan
A_four_pole_sylvester,1000rpm_-220Nm,llr_-5pct,True,0.0006676597281829154,0.6163974279562251,0.006387400680942814,0.0008010317753281068,3.2899999999999996,3.6599999999999997
B_hori53_paper,1000rpm_-220Nm,llr_-5pct,True,0.0006661798245540387,0.6150311499676675,1.1368683772161603e-13,1.4257250171151395e-14,1.7499999999999998,0.0
C_sled23_closed_form,1000rpm_-220Nm,llr_-5pct,True,0.002895029941885331,3.369196963645995,6.968442769494034,0.8738991589449167,nan,nan
A_four_pole_sylvester,1000rpm_-220Nm,llr_+5pct,True,0.0006676242990823516,0.6163647190694366,0.006040639763647335,0.0007575451479705445,3.92,3.6399999999999997
B_hori53_paper,1000rpm_-220Nm,llr_+5pct,True,0.0006661485421154853,0.6150022693659918,2.3437142008433856e-13,2.939207419325634e-14,2.0599999999999996,0.0
C_sled23_closed_form,1000rpm_-220Nm,llr_+5pct,True,0.26906278340456846,313.13165358367775,1474.7314766566176,184.94327064888674,nan,nan
A_four_pole_sylvester,1000rpm_-220Nm,llr_+10pct,True,0.0013352144203237733,1.2326978844411542,0.011762011442609828,0.0014750514924503778,nan,3.6299999999999994
B_hori53_paper,1000rpm_-220Nm,llr_+10pct,True,0.0013322669776656135,1.2299767437210412,2.2737367544323206e-13,2.851450034230279e-14,nan,0.0
C_sled23_closed_form,1000rpm_-220Nm,llr_+10pct,True,0.0060366507852411,7.025373106497259,13.690122354789889,1.716852216118947,nan,nan
A_four_pole_sylvester,1000rpm_-220Nm,llr_+20pct,True,0.0026702968662687056,2.4652739273749655,0.022343118949546013,0.002802008067525856,nan,3.6199999999999997
B_hori53_paper,1000rpm_-220Nm,llr_+20pct,True,0.0026644179576365726,2.4598463959437997,2.3437142008433856e-13,2.939207419325634e-14,nan,0.0
C_sled23_closed_form,1000rpm_-220Nm,llr_+20pct,True,0.2721249834227926,316.6954008369302,1430.2886073719098,179.36977490905952,nan,nan
A_four_pole_sylvester,1000rpm_-220Nm,voltage_gain_+5pct,True,0.007825109470600113,7.224304758175217,0.18416480278142225,0.023095757772812576,nan,3.73
B_hori53_paper,1000rpm_-220Nm,voltage_gain_+5pct,True,0.00786340017762663,7.259655539912504,2.3437142008433856e-13,2.939207419325634e-14,nan,0.0
C_sled23_closed_form,1000rpm_-220Nm,voltage_gain_+5pct,True,0.01256906462112465,14.62770859281179,25.777144557876852,3.2326626901128637,nan,nan
A_four_pole_sylvester,1000rpm_-220Nm,voltage_gain_-5pct,True,0.007825109470600585,7.224304758175653,0.1841648027814964,0.023095757772821877,nan,3.59
B_hori53_paper,1000rpm_-220Nm,voltage_gain_-5pct,True,0.007863400177626273,7.259655539912174,2.3437142008433856e-13,2.939207419325634e-14,nan,0.0
C_sled23_closed_form,1000rpm_-220Nm,voltage_gain_-5pct,True,0.013947766293600923,16.232223082100862,28.36446293438835,3.557133368562633,nan,nan
A_four_pole_sylvester,1000rpm_-220Nm,voltage_offset_+1Vd_-1Vq,True,0.0041294568304955795,3.8124009307872972,0.07979040115934122,0.010006362507600635,nan,3.6799999999999997
B_hori53_paper,1000rpm_-220Nm,voltage_offset_+1Vd_-1Vq,True,0.004153967137189548,3.8350293586628226,2.3437142008433856e-13,2.939207419325634e-14,nan,0.0
C_sled23_closed_form,1000rpm_-220Nm,voltage_offset_+1Vd_-1Vq,True,0.006590474438662245,7.669905636024983,31.45575236617405,3.9448060988775273,nan,nan
A_four_pole_sylvester,1000rpm_-220Nm,current_gain_+1pct,True,0.0007187725297986286,0.6635858356460339,7.954589224862549,0.9975699109981236,3.9,nan
B_hori53_paper,1000rpm_-220Nm,current_gain_+1pct,True,0.0007370561606975411,0.6804656661705779,7.973966673577039,0.9999999999999625,1.9099999999999997,nan
C_sled23_closed_form,1000rpm_-220Nm,current_gain_+1pct,True,0.0017789587746902553,2.0703283290516,5.454384862999935,0.68402403549963,nan,nan
A_four_pole_sylvester,1000rpm_-220Nm,current_gain_-1pct,True,0.0007187725297960684,0.6635858356436702,7.954589224862769,0.9975699109981512,3.36,nan
B_hori53_paper,1000rpm_-220Nm,current_gain_-1pct,True,0.0007370561606976568,0.6804656661706846,7.973966673577231,0.9999999999999866,1.92,nan
C_sled23_closed_form,1000rpm_-220Nm,current_gain_-1pct,True,0.0017288499497871241,2.0120123516335724,5.516917195447225,0.6918660964220186,nan,nan
A_four_pole_sylvester,1000rpm_-220Nm,current_offset_+1Ad_-1Aq,True,0.00012703954685217873,0.11728556721778789,1.4106898255520026,0.1769119289432807,3.5399999999999996,nan
B_hori53_paper,1000rpm_-220Nm,current_offset_+1Ad_-1Aq,True,0.00013071973603087547,0.12068319485412113,1.4142135623731353,0.17735383407850147,1.79,nan
C_sled23_closed_form,1000rpm_-220Nm,current_offset_+1Ad_-1Aq,True,0.26801398434233004,311.91107532131014,1490.582913035979,186.93116914762098,nan,nan
A_four_pole_sylvester,1000rpm_-220Nm,current_noise_1Arms,True,8.775482364319171e-05,0.08101708894683585,0.2770001916114377,0.03473806738236189,3.4699999999999998,3.51
B_hori53_paper,1000rpm_-220Nm,current_noise_1Arms,True,0.0007000216792552396,0.646274658171855,1.3961581967378152,0.17508954500200596,119.97999999999999,nan
C_sled23_closed_form,1000rpm_-220Nm,current_noise_1Arms,True,1.0991213703505431e-05,0.012791426886769496,0.10519516262750973,0.013192325342427882,14.66,22.33
